Pool name,Primer name,Ambiguous codon,Sequence
MA22_ForPool,MA22-for-mut24,NNC,GTGCCTAACGGCNNCATCGTGAAAACAA
MA22_ForPool,MA22-for-mut25,NNC,CCTAACGGCACCNNCGTGAAAACAATCA
MA22_ForPool,MA22-for-mut26,NNC,CTAACGGCACCATCNNCAAAACAATCACCAAC
MA22_ForPool,MA22-for-mut27,NNC,GCACCATCGTGNNCACAATCACCAAC
MA22_ForPool,MA22-for-mut28,NNC,CACCATCGTGAAANNCATCACCAACGACAG
MA22_ForPool,MA22-for-mut163,NNC,GAACAATATCTATCCTNNCCAGAACGTGACCATGC
MA22_ForPool,MA22-for-mut177,NNC,ACAGTTCGATAAGNNCTACATCTGGGGCG
MA22_ForPool,MA22-for-mut218,NNC,TGTGATCCCTAACATTNNCTCTAGACCCAGAGTCA
MA22_ForPool,MA22-for-mut261,NNC,GCTACTTCAAAATCNNCAGCGGAAAGAGCTC
MA22_ForPool,MA22-for-mut266,NNC,GAGCGGAAAGAGCNNCATCATGAGAAGTGA
MA22_ForPool,MA22-for-mut272,NNC,CATCATGAGAAGTGATNNCCCTATCGGAAAATGCAA
MA22_ForPool,MA22-for-mut277,NNC,CCCTATCGGAAAANNCAAGAGCGAGTGCAT
MA22_ForPool,MA22-for-mut281,NNC,TGCAAGAGCGAGNNCATAACCCCTAAC
MA22_ForPool,MA22-for-mut283,NNC,GCGAGTGCATANNCCCTAACGGCTCT
MA22_ForPool,MA22-for-mut284,NNC,GAGTGCATAACCNNCAACGGCTCTATCC
MA22_ForPool,MA22-for-mut293,NNC,TATCCCTAATGATAAGNNCTTCCAGAACGTGAACC
MA22_ForPool,MA22-for-mut297,NNC,CCCTTCCAGAACNNCAACCGGATCACC
MA22_ForPool,MA22-for-mut321,NNC,CCACAGGCATGNNCAACGTGCCAGA
MA22_ForPool,MA22-for-mut381,NNC,AGATCTCTGGCAAGNNCAACAGACTGATTGG
MA22_ForPool,MA22-for-mut384,NNC,GGCAAGCTGAACAGANNCATTGGAAAGACAAATG
MA22_ForPool,MA22-for-mut385,NNC,AGCTGAACAGACTGNNCGGAAAGACAAATGA
MA22_ForPool,MA22-for-mut386,NNC,AAGCTGAACAGACTGATTNNCAAGACAAATGAGAAATTCC
MA22_ForPool,MA22-for-mut387,NNC,TGAACAGACTGATTGGANNCACAAATGAGAAATTCCA
MA22_ForPool,MA22-for-mut388,NNC,CAGACTGATTGGAAAGNNCAATGAGAAATTCCACC
MA22_ForPool,MA22-for-mut389,NNC,CTGATTGGAAAGACANNCGAGAAATTCCACCAGA
MA22_ForPool,MA22-for-mut390,NNC,TGATTGGAAAGACAAATNNCAAATTCCACCAGATCGA
MA22_ForPool,MA22-for-mut391,NNC,GAAAGACAAATGAGNNCTTCCACCAGATCGAG
MA22_ForPool,MA22-for-mut392,NNC,AAAGACAAATGAGAAANNCCACCAGATCGAGAAGG
MA22_ForPool,MA22-for-mut393,NNC,AGACAAATGAGAAATTCNNCCAGATCGAGAAGGAATTC
MA22_ForPool,MA22-for-mut394,NNC,CAAATGAGAAATTCCACNNCATCGAGAAGGAATTCTCT
MA22_ForPool,MA22-for-mut396,NNC,AGAAATTCCACCAGATCNNCAAGGAATTCTCTGAAGT
MA22_ForPool,MA22-for-mut398,NNC,ACCAGATCGAGAAGNNCTTCTCTGAAGTGGAA
MA22_ForPool,MA22-for-mut399,NNC,AGATCGAGAAGGAANNCTCTGAAGTGGAAGG
MA22_ForPool,MA22-for-mut400,NNC,GAGAAGGAATTCNNCGAAGTGGAAGGCC
MA22_ForPool,MA22-for-mut402,NNC,GAATTCTCTGAANNCGAAGGCCGGGTG
MA22_RevPool,MA22-rev-mut24,NNC,TTGTTTTCACGATGNNGCCGTTAGGCAC
MA22_RevPool,MA22-rev-mut25,NNC,TGATTGTTTTCACGNNGGTGCCGTTAGG
MA22_RevPool,MA22-rev-mut26,NNC,GTTGGTGATTGTTTTGNNGATGGTGCCGTTAG
MA22_RevPool,MA22-rev-mut27,NNC,GTTGGTGATTGTGNNCACGATGGTGC
MA22_RevPool,MA22-rev-mut28,NNC,CTGTCGTTGGTGATGNNTTTCACGATGGTG
MA22_RevPool,MA22-rev-mut163,NNC,GCATGGTCACGTTCTGGNNAGGATAGATATTGTTC
MA22_RevPool,MA22-rev-mut177,NNC,CGCCCCAGATGTAGNNCTTATCGAACTGT
MA22_RevPool,MA22-rev-mut218,NNC,TGACTCTGGGTCTAGAGNNAATGTTAGGGATCACA
MA22_RevPool,MA22-rev-mut261,NNC,GAGCTCTTTCCGCTGNNGATTTTGAAGTAGC
MA22_RevPool,MA22-rev-mut266,NNC,TCACTTCTCATGATGNNGCTCTTTCCGCTC
MA22_RevPool,MA22-rev-mut272,NNC,TTGCATTTTCCGATAGGGNNATCACTTCTCATGATG
MA22_RevPool,MA22-rev-mut277,NNC,ATGCACTCGCTCTTGNNTTTTCCGATAGGG
MA22_RevPool,MA22-rev-mut281,NNC,GTTAGGGGTTATGNNCTCGCTCTTGCA
MA22_RevPool,MA22-rev-mut283,NNC,AGAGCCGTTAGGGNNTATGCACTCGC
MA22_RevPool,MA22-rev-mut284,NNC,GGATAGAGCCGTTGNNGGTTATGCACTC
MA22_RevPool,MA22-rev-mut293,NNC,GGTTCACGTTCTGGAAGNNCTTATCATTAGGGATA
MA22_RevPool,MA22-rev-mut297,NNC,GGTGATCCGGTTGNNGTTCTGGAAGGG
MA22_RevPool,MA22-rev-mut321,NNC,TCTGGCACGTTGNNCATGCCTGTGG
MA22_RevPool,MA22-rev-mut381,NNC,CCAATCAGTCTGTTGNNCTTGCCAGAGATCT
MA22_RevPool,MA22-rev-mut384,NNC,CATTTGTCTTTCCAATGNNTCTGTTCAGCTTGCC
MA22_RevPool,MA22-rev-mut385,NNC,TCATTTGTCTTTCCGNNCAGTCTGTTCAGCT
MA22_RevPool,MA22-rev-mut386,NNC,GGAATTTCTCATTTGTCTTGNNAATCAGTCTGTTCAGCTT
MA22_RevPool,MA22-rev-mut387,NNC,TGGAATTTCTCATTTGTGNNTCCAATCAGTCTGTTCA
MA22_RevPool,MA22-rev-mut388,NNC,GGTGGAATTTCTCATTGNNCTTTCCAATCAGTCTG
MA22_RevPool,MA22-rev-mut389,NNC,TCTGGTGGAATTTCTCGNNTGTCTTTCCAATCAG
MA22_RevPool,MA22-rev-mut390,NNC,TCGATCTGGTGGAATTTGNNATTTGTCTTTCCAATCA
MA22_RevPool,MA22-rev-mut391,NNC,CTCGATCTGGTGGAAGNNCTCATTTGTCTTTC
MA22_RevPool,MA22-rev-mut392,NNC,CCTTCTCGATCTGGTGGNNTTTCTCATTTGTCTTT
MA22_RevPool,MA22-rev-mut393,NNC,GAATTCCTTCTCGATCTGGNNGAATTTCTCATTTGTCT
MA22_RevPool,MA22-rev-mut394,NNC,AGAGAATTCCTTCTCGATGNNGTGGAATTTCTCATTTG
MA22_RevPool,MA22-rev-mut396,NNC,ACTTCAGAGAATTCCTTGNNGATCTGGTGGAATTTCT
MA22_RevPool,MA22-rev-mut398,NNC,TTCCACTTCAGAGAAGNNCTTCTCGATCTGGT
MA22_RevPool,MA22-rev-mut399,NNC,CCTTCCACTTCAGAGNNTTCCTTCTCGATCT
MA22_RevPool,MA22-rev-mut400,NNC,GGCCTTCCACTTCGNNGAATTCCTTCTC
MA22_RevPool,MA22-rev-mut402,NNC,CACCCGGCCTTCGNNTTCAGAGAATTC
MA22_ForPool,MA22-for-mut24,NNG,GTGCCTAACGGCNNGATCGTGAAAACAA
MA22_ForPool,MA22-for-mut25,NNG,CCTAACGGCACCNNGGTGAAAACAATCA
MA22_ForPool,MA22-for-mut26,NNG,CTAACGGCACCATCNNGAAAACAATCACCAAC
MA22_ForPool,MA22-for-mut27,NNG,GGCACCATCGTGNNGACAATCACCAAC
MA22_ForPool,MA22-for-mut28,NNG,CACCATCGTGAAANNGATCACCAACGACAG
MA22_ForPool,MA22-for-mut163,NNG,AACAATATCTATCCTNNGCAGAACGTGACCATGC
MA22_ForPool,MA22-for-mut177,NNG,ACAGTTCGATAAGNNGTACATCTGGGGCG
MA22_ForPool,MA22-for-mut218,NNG,GTGATCCCTAACATTNNGTCTAGACCCAGAGTCA
MA22_ForPool,MA22-for-mut261,NNG,GCTACTTCAAAATCNNGAGCGGAAAGAGCTC
MA22_ForPool,MA22-for-mut266,NNG,GAGCGGAAAGAGCNNGATCATGAGAAGTGA
MA22_ForPool,MA22-for-mut272,NNG,CATCATGAGAAGTGATNNGCCTATCGGAAAATGCA
MA22_ForPool,MA22-for-mut277,NNG,CCCTATCGGAAAANNGAAGAGCGAGTGCAT
MA22_ForPool,MA22-for-mut281,NNG,ATGCAAGAGCGAGNNGATAACCCCTAACG
MA22_ForPool,MA22-for-mut283,NNG,GCGAGTGCATANNGCCTAACGGCTCT
MA22_ForPool,MA22-for-mut284,NNG,GAGTGCATAACCNNGAACGGCTCTATCC
MA22_ForPool,MA22-for-mut293,NNG,TATCCCTAATGATAAGNNGTTCCAGAACGTGAACC
MA22_ForPool,MA22-for-mut297,NNG,CCTTCCAGAACNNGAACCGGATCACC
MA22_ForPool,MA22-for-mut321,NNG,CCACAGGCATGNNGAACGTGCCAGA
MA22_ForPool,MA22-for-mut381,NNG,AGATCTCTGGCAAGNNGAACAGACTGATTGGA
MA22_ForPool,MA22-for-mut384,NNG,GGCAAGCTGAACAGANNGATTGGAAAGACAAATG
MA22_ForPool,MA22-for-mut385,NNG,AAGCTGAACAGACTGNNGGGAAAGACAAATGAG
MA22_ForPool,MA22-for-mut386,NNG,AAGCTGAACAGACTGATTNNGAAGACAAATGAGAAATTCC
MA22_ForPool,MA22-for-mut387,NNG,TGAACAGACTGATTGGANNGACAAATGAGAAATTCCA
MA22_ForPool,MA22-for-mut388,NNG,CAGACTGATTGGAAAGNNGAATGAGAAATTCCACCA
MA22_ForPool,MA22-for-mut389,NNG,CTGATTGGAAAGACANNGGAGAAATTCCACCAGA
MA22_ForPool,MA22-for-mut390,NNG,TGATTGGAAAGACAAATNNGAAATTCCACCAGATCGA
MA22_ForPool,MA22-for-mut391,NNG,GGAAAGACAAATGAGNNGTTCCACCAGATCGAG
MA22_ForPool,MA22-for-mut392,NNG,AAAGACAAATGAGAAANNGCACCAGATCGAGAAGG
MA22_ForPool,MA22-for-mut393,NNG,AGACAAATGAGAAATTCNNGCAGATCGAGAAGGAATT
MA22_ForPool,MA22-for-mut394,NNG,CAAATGAGAAATTCCACNNGATCGAGAAGGAATTCTCT
MA22_ForPool,MA22-for-mut396,NNG,AGAAATTCCACCAGATCNNGAAGGAATTCTCTGAAGT
MA22_ForPool,MA22-for-mut398,NNG,ACCAGATCGAGAAGNNGTTCTCTGAAGTGGAA
MA22_ForPool,MA22-for-mut399,NNG,AGATCGAGAAGGAANNGTCTGAAGTGGAAGG
MA22_ForPool,MA22-for-mut400,NNG,GAGAAGGAATTCNNGGAAGTGGAAGGCC
MA22_ForPool,MA22-for-mut402,NNG,GAATTCTCTGAANNGGAAGGCCGGGTG
MA22_RevPool,MA22-rev-mut24,NNG,TTGTTTTCACGATCNNGCCGTTAGGCAC
MA22_RevPool,MA22-rev-mut25,NNG,TGATTGTTTTCACCNNGGTGCCGTTAGG
MA22_RevPool,MA22-rev-mut26,NNG,GTTGGTGATTGTTTTCNNGATGGTGCCGTTAG
MA22_RevPool,MA22-rev-mut27,NNG,GTTGGTGATTGTCNNCACGATGGTGCC
MA22_RevPool,MA22-rev-mut28,NNG,CTGTCGTTGGTGATCNNTTTCACGATGGTG
MA22_RevPool,MA22-rev-mut163,NNG,GCATGGTCACGTTCTGCNNAGGATAGATATTGTT
MA22_RevPool,MA22-rev-mut177,NNG,CGCCCCAGATGTACNNCTTATCGAACTGT
MA22_RevPool,MA22-rev-mut218,NNG,TGACTCTGGGTCTAGACNNAATGTTAGGGATCAC
MA22_RevPool,MA22-rev-mut261,NNG,GAGCTCTTTCCGCTCNNGATTTTGAAGTAGC
MA22_RevPool,MA22-rev-mut266,NNG,TCACTTCTCATGATCNNGCTCTTTCCGCTC
MA22_RevPool,MA22-rev-mut272,NNG,TGCATTTTCCGATAGGCNNATCACTTCTCATGATG
MA22_RevPool,MA22-rev-mut277,NNG,ATGCACTCGCTCTTCNNTTTTCCGATAGGG
MA22_RevPool,MA22-rev-mut281,NNG,CGTTAGGGGTTATCNNCTCGCTCTTGCAT
MA22_RevPool,MA22-rev-mut283,NNG,AGAGCCGTTAGGCNNTATGCACTCGC
MA22_RevPool,MA22-rev-mut284,NNG,GGATAGAGCCGTTCNNGGTTATGCACTC
MA22_RevPool,MA22-rev-mut293,NNG,GGTTCACGTTCTGGAACNNCTTATCATTAGGGATA
MA22_RevPool,MA22-rev-mut297,NNG,GGTGATCCGGTTCNNGTTCTGGAAGG
MA22_RevPool,MA22-rev-mut321,NNG,TCTGGCACGTTCNNCATGCCTGTGG
MA22_RevPool,MA22-rev-mut381,NNG,TCCAATCAGTCTGTTCNNCTTGCCAGAGATCT
MA22_RevPool,MA22-rev-mut384,NNG,CATTTGTCTTTCCAATCNNTCTGTTCAGCTTGCC
MA22_RevPool,MA22-rev-mut385,NNG,CTCATTTGTCTTTCCCNNCAGTCTGTTCAGCTT
MA22_RevPool,MA22-rev-mut386,NNG,GGAATTTCTCATTTGTCTTCNNAATCAGTCTGTTCAGCTT
MA22_RevPool,MA22-rev-mut387,NNG,TGGAATTTCTCATTTGTCNNTCCAATCAGTCTGTTCA
MA22_RevPool,MA22-rev-mut388,NNG,TGGTGGAATTTCTCATTCNNCTTTCCAATCAGTCTG
MA22_RevPool,MA22-rev-mut389,NNG,TCTGGTGGAATTTCTCCNNTGTCTTTCCAATCAG
MA22_RevPool,MA22-rev-mut390,NNG,TCGATCTGGTGGAATTTCNNATTTGTCTTTCCAATCA
MA22_RevPool,MA22-rev-mut391,NNG,CTCGATCTGGTGGAACNNCTCATTTGTCTTTCC
MA22_RevPool,MA22-rev-mut392,NNG,CCTTCTCGATCTGGTGCNNTTTCTCATTTGTCTTT
MA22_RevPool,MA22-rev-mut393,NNG,AATTCCTTCTCGATCTGCNNGAATTTCTCATTTGTCT
MA22_RevPool,MA22-rev-mut394,NNG,AGAGAATTCCTTCTCGATCNNGTGGAATTTCTCATTTG
MA22_RevPool,MA22-rev-mut396,NNG,ACTTCAGAGAATTCCTTCNNGATCTGGTGGAATTTCT
MA22_RevPool,MA22-rev-mut398,NNG,TTCCACTTCAGAGAACNNCTTCTCGATCTGGT
MA22_RevPool,MA22-rev-mut399,NNG,CCTTCCACTTCAGACNNTTCCTTCTCGATCT
MA22_RevPool,MA22-rev-mut400,NNG,GGCCTTCCACTTCCNNGAATTCCTTCTC
MA22_RevPool,MA22-rev-mut402,NNG,CACCCGGCCTTCCNNTTCAGAGAATTC
